task_id,class,replica,condition,status,attempts,accepted,input_uncached,input_cached,input_total,output,model_requests
local,local,1,B,not_started,0,,,,,,
local,local,1,C,not_started,0,,,,,,
local,local,1,A,not_started,0,,,,,,
local,local,1,D,not_started,0,,,,,,
rename,rename,1,C,not_started,0,,,,,,
rename,rename,1,D,not_started,0,,,,,,
rename,rename,1,B,not_started,0,,,,,,
rename,rename,1,A,not_started,0,,,,,,
signature,signature,1,D,not_started,0,,,,,,
signature,signature,1,A,not_started,0,,,,,,
signature,signature,1,C,not_started,0,,,,,,
signature,signature,1,B,not_started,0,,,,,,
bug,bug,1,A,not_started,0,,,,,,
bug,bug,1,B,not_started,0,,,,,,
bug,bug,1,D,not_started,0,,,,,,
bug,bug,1,C,not_started,0,,,,,,
trace,trace,1,C,not_started,0,,,,,,
trace,trace,1,D,not_started,0,,,,,,
trace,trace,1,B,not_started,0,,,,,,
trace,trace,1,A,not_started,0,,,,,,
review,review,1,A,not_started,0,,,,,,
review,review,1,B,not_started,0,,,,,,
review,review,1,D,not_started,0,,,,,,
review,review,1,C,not_started,0,,,,,,
local,local,2,C,not_started,0,,,,,,
local,local,2,D,not_started,0,,,,,,
local,local,2,B,not_started,0,,,,,,
local,local,2,A,not_started,0,,,,,,
rename,rename,2,D,not_started,0,,,,,,
rename,rename,2,A,not_started,0,,,,,,
rename,rename,2,C,not_started,0,,,,,,
rename,rename,2,B,not_started,0,,,,,,
signature,signature,2,B,not_started,0,,,,,,
signature,signature,2,C,not_started,0,,,,,,
signature,signature,2,A,not_started,0,,,,,,
signature,signature,2,D,not_started,0,,,,,,
bug,bug,2,A,not_started,0,,,,,,
bug,bug,2,B,not_started,0,,,,,,
bug,bug,2,D,not_started,0,,,,,,
bug,bug,2,C,not_started,0,,,,,,
trace,trace,2,B,not_started,0,,,,,,
trace,trace,2,C,not_started,0,,,,,,
trace,trace,2,A,not_started,0,,,,,,
trace,trace,2,D,not_started,0,,,,,,
review,review,2,D,not_started,0,,,,,,
review,review,2,A,not_started,0,,,,,,
review,review,2,C,not_started,0,,,,,,
review,review,2,B,not_started,0,,,,,,
